2025-08-16 05:02:07.387365,sampath.velupula@gmail.com,Thread 2,"Message: 
"
2025-08-16 05:02:22.529125,sampath.velupula@gmail.com,Thread 3,"Message: 
"
2025-08-16 05:02:37.667695,sampath.velupula@gmail.com,Thread 4,"Message: 
"
2025-08-16 05:02:52.823937,sampath.velupula@gmail.com,Thread 5,"Message: 
"
2025-08-16 05:03:07.974568,sampath.velupula@gmail.com,Thread 6,"Message: 
"
2025-08-16 05:03:23.123858,sampath.velupula@gmail.com,Thread 7,"Message: 
"
2025-08-16 05:03:38.296909,sampath.velupula@gmail.com,Thread 8,"Message: 
"
2025-08-16 05:03:53.440224,sampath.velupula@gmail.com,Thread 9,"Message: 
"
2025-08-16 05:04:08.590473,sampath.velupula@gmail.com,Thread 10,"Message: 
"
2025-08-16 05:04:23.730308,sampath.velupula@gmail.com,Thread 11,"Message: 
"
2025-08-16 05:04:38.864107,sampath.velupula@gmail.com,Thread 12,"Message: 
"
2025-08-16 05:04:54.018850,sampath.velupula@gmail.com,Thread 13,"Message: 
"
2025-08-16 05:05:09.172158,sampath.velupula@gmail.com,Thread 14,"Message: 
"
2025-08-16 05:05:24.321786,sampath.velupula@gmail.com,Thread 15,"Message: 
"
2025-08-16 05:05:39.456579,sampath.velupula@gmail.com,Thread 16,"Message: 
"
2025-08-16 05:05:54.600441,sampath.velupula@gmail.com,Thread 17,"Message: 
"
2025-08-16 05:06:09.753477,sampath.velupula@gmail.com,Thread 18,"Message: 
"
2025-08-16 05:06:24.872030,sampath.velupula@gmail.com,Thread 19,"Message: 
"
2025-08-16 05:06:39.985641,sampath.velupula@gmail.com,Thread 20,"Message: 
"
2025-08-16 05:06:55.205788,sampath.velupula@gmail.com,Thread 21,"Message: 
"
2025-08-16 05:07:10.331487,sampath.velupula@gmail.com,Thread 22,"Message: 
"
2025-08-16 05:07:25.466394,sampath.velupula@gmail.com,Thread 23,"Message: 
"
2025-08-16 05:07:40.639064,sampath.velupula@gmail.com,Thread 24,"Message: 
"
2025-08-16 05:07:55.854198,sampath.velupula@gmail.com,Thread 25,"Message: 
"
2025-08-16 05:08:10.983966,sampath.velupula@gmail.com,Thread 26,"Message: 
"
2025-08-16 05:08:26.094843,sampath.velupula@gmail.com,Thread 27,"Message: 
"
2025-08-16 05:08:41.106171,sampath.velupula@gmail.com,Thread 28,"Message: 
"
2025-08-16 05:08:56.604364,sampath.velupula@gmail.com,Thread 29,"Message: 
"
2025-08-16 05:09:11.609130,sampath.velupula@gmail.com,Thread 30,"Message: 
"
2025-08-16 07:06:25.487133,sampath.velupula@gmail.com,Thread 118,list index out of range
2025-08-16 07:06:25.491563,sampath.velupula@gmail.com,Thread 119,list index out of range
2025-08-16 07:06:25.495176,sampath.velupula@gmail.com,Thread 120,list index out of range
2025-08-16 07:06:25.499277,sampath.velupula@gmail.com,Thread 121,list index out of range
2025-08-16 07:06:25.502579,sampath.velupula@gmail.com,Thread 122,list index out of range
2025-08-16 07:06:25.505458,sampath.velupula@gmail.com,Thread 123,list index out of range
2025-08-16 07:06:25.509078,sampath.velupula@gmail.com,Thread 124,list index out of range
2025-08-16 07:06:25.512109,sampath.velupula@gmail.com,Thread 125,list index out of range
2025-08-16 07:06:25.514974,sampath.velupula@gmail.com,Thread 126,list index out of range
2025-08-16 07:06:25.517953,sampath.velupula@gmail.com,Thread 127,list index out of range
2025-08-16 07:06:25.538878,sampath.velupula@gmail.com,Thread 128,list index out of range
2025-08-16 07:06:25.542441,sampath.velupula@gmail.com,Thread 129,list index out of range
2025-08-16 07:06:25.547018,sampath.velupula@gmail.com,Thread 130,list index out of range
2025-08-16 07:06:25.550986,sampath.velupula@gmail.com,Thread 131,list index out of range
2025-08-16 07:06:25.554366,sampath.velupula@gmail.com,Thread 132,list index out of range
2025-08-16 07:06:25.557993,sampath.velupula@gmail.com,Thread 133,list index out of range
2025-08-16 07:06:25.561088,sampath.velupula@gmail.com,Thread 134,list index out of range
2025-08-16 07:06:25.564100,sampath.velupula@gmail.com,Thread 135,list index out of range
2025-08-16 07:06:25.567208,sampath.velupula@gmail.com,Thread 136,list index out of range
2025-08-16 07:06:25.570362,sampath.velupula@gmail.com,Thread 137,list index out of range
2025-08-16 07:06:25.573929,sampath.velupula@gmail.com,Thread 138,list index out of range
2025-08-16 07:06:25.578096,sampath.velupula@gmail.com,Thread 139,list index out of range
2025-08-16 07:06:25.582645,sampath.velupula@gmail.com,Thread 140,list index out of range
2025-08-16 07:06:25.586711,sampath.velupula@gmail.com,Thread 141,list index out of range
2025-08-16 07:06:25.592799,sampath.velupula@gmail.com,Thread 142,list index out of range
2025-08-16 07:06:25.596581,sampath.velupula@gmail.com,Thread 143,list index out of range
